size,n_procs,time
16,1,0.852361
32,2,11.592872
64,4,10.897845
128,8,828.266770
160,10,1575.177918
192,12,3971.397972